location,x,y,z,yaw,pitch,roll,Distance To Packoff,Distance To SPH
BufferA(1),-621.9794,295.3955,1411.701,-45.48594,90.0,180.0,1752.047361716114,1501.2346403713725
BufferA(2),-534.0672,380.2378,1411.701,-44.67049,90.0,180.0,1723.1578408471019,1468.660305262855
BufferA(3),-461.9742,450.217,1411.701,-48.0377,90.0,180.0,1705.7747809094392,1449.156208523975
BufferA(4),-373.3145,538.9666,1411.7,-46.23582,90.0,180.0,1693.3672003396475,1434.9872364381713
BufferA(5),-292.3273,616.892,1411.7,-47.59462,90.0,180.0,1688.7675524494828,1430.7944712762726
BufferA(6),-619.5641,297.1499,1346.453,-44.9421,90.0,180.0,1701.1538420429254,1441.8627445248685
BufferA(7),-548.4133,366.069,1346.453,-48.78137,90.0,180.0,1676.6597502640707,1413.8603038134524
BufferA(8),-460.2126,453.7114,1346.454,-47.42688,90.0,180.0,1654.7888448253225,1388.4974646779756
BufferA(9),-367.0335,544.487,1345.312,-44.67104,90.0,180.0,1640.0141609972445,1372.0398568006763
BufferA(10),-288.944,623.0406,1346.453,-45.82502,90.0,180.0,1638.2638761778414,1370.2604308255384
BufferA(11),-619.4368,299.4288,1279.081,-44.31746,90.0,180.0,1651.2714284585334,1382.2561050927422
BufferA(12),-534.2885,380.9742,1279.085,-44.17819,90.0,180.0,1621.572494694004,1348.125057983472
BufferA(13),-457.3839,456.3731,1279.085,-46.3155,90.0,180.0,1602.3566703457147,1325.823478716618
BufferA(14),-373.3723,538.0702,1279.085,-46.29843,90.0,180.0,1589.1900648910112,1311.0365324274942
BufferA(15),-287.3754,625.5564,1279.085,-45.16154,90.0,180.0,1586.3694304441717,1307.7019854446403
BufferA(16),-618.074,291.8738,1214.246,-45.08263,90.0,180.0,1601.240181919916,1324.7835409416703
BufferA(17),-537.3485,375.9141,1214.242,-45.26725,90.0,180.0,1573.7144092458218,1290.9066181001979
BufferA(18),-448.1947,465.1143,1209.849,-43.19696,90.0,180.0,1548.348927705705,1260.4083939999932
BufferA(19),-375.7605,538.8641,1211.372,-46.31354,90.0,180.0,1539.426045372861,1249.483901527831
BufferA(20),-298.115,615.6523,1213.091,-47.98276,90.0,180.0,1536.544553939545,1246.667226614328
BufferA(21),-623.54,296.4836,1146.783,-45.11934,90.0,180.0,1558.1482841066334,1269.5677858830343
BufferA(22),-547.4941,370.3625,1146.779,-47.42277,90.0,180.0,1529.579745084932,1235.4705743086342
BufferA(23),-458.8593,457.2942,1146.49,-46.09121,90.0,180.0,1505.1499849736888,1206.1917324895028
BufferA(24),-376.4991,538.2429,1146.489,-46.3542,90.0,180.0,1491.649544404424,1190.2823361096753
BufferA(25),-297.7416,615.5351,1146.489,-47.81066,90.0,180.0,1486.98121921123,1185.4040023532382
BufferA(26),-619.3275,301.5752,1081.143,-43.7759,90.0,180.0,1511.5570116406116,1211.8875641309057
BufferA(27),-542.6526,375.7455,1081.135,-46.04388,90.0,180.0,1482.243988569006,1176.4237061458919
BufferA(28),-457.0727,460.0107,1080.389,-45.39676,90.0,180.0,1458.1286603644705,1146.8999992457764
BufferA(29),-369.5963,545.5139,1080.389,-44.26457,90.0,180.0,1443.6807528677127,1129.7276383145709
BufferA(30),-289.7859,623.9713,1080.389,-45.32552,90.0,180.0,1439.694656392808,1125.628513655386
BufferA(31),-622.0472,298.7417,1013.716,-44.46772,90.0,180.0,1467.9991261410464,1157.3352148304189
BufferA(32),-539.2131,380.4407,1013.716,-44.70028,90.0,180.0,1435.908510062325,1117.304565746308
BufferA(33),-456.9666,460.7487,1013.716,-45.17733,90.0,180.0,1412.5065137458855,1088.3169586586234
BufferA(34),-378.2136,537.8483,1013.715,-46.7662,90.0,180.0,1398.7041697253767,1071.4889402923932
BufferA(35),-286.218,628.4201,1013.675,-44.08979,90.0,180.0,1393.728778655817,1066.154702842988
BufferA(36),-618.2084,301.7372,947.7476,-43.37289,90.0,180.0,1424.0761617282967,1101.6206166420661
BufferA(37),-541.3496,379.0608,947.7469,-45.03668,90.0,180.0,1393.9608766341053,1062.802391088618
BufferA(38),-460.7654,457.8965,947.7473,-45.91367,90.0,180.0,1370.0957878421498,1032.540487521826
BufferA(39),-376.4457,541.1657,947.7476,-45.74517,90.0,180.0,1355.1222870755973,1013.6205686870774
BufferA(40),-296.4396,619.7577,947.7476,-46.76936,90.0,180.0,1350.1859327057248,1008.1514417928827
BufferA(41),-619.581,302.3528,880.8623,-43.45325,90.0,180.0,1384.5826222534831,1049.585603292726
BufferA(42),-535.3789,381.7043,880.8409,-43.65578,90.0,180.0,1349.0542879936759,1004.7057148901224
BufferA(43),-461.3581,454.8402,880.8216,-46.53282,90.0,180.0,1326.8173316836073,975.5715742181646
BufferA(44),-379.5654,537.2621,880.8171,-46.81258,90.0,180.0,1312.2362651697056,956.0651918526613
BufferA(45),-283.9272,628.3528,880.8338,-43.59011,90.0,180.0,1305.1608009594763,948.9034848162368
BufferA(46),-620.7471,300.1277,815.5436,-43.54133,90.0,180.0,1347.119320243978,1000.2706881887212
BufferA(47),-539.1852,380.9903,815.2861,-44.23264,90.0,180.0,1312.7147978600444,954.3694918778125
BufferA(48),-456.0698,462.0753,815.3277,-44.48711,90.0,180.0,1286.885493601808,920.0434191742486
BufferA(49),-373.7853,544.1345,814.3292,-44.67239,90.0,180.0,1271.5745967148564,899.3112511738536
BufferA(50),-292.1183,624.3112,814.8834,-45.27765,90.0,180.0,1266.9711520019482,894.119827058519
BufferA(51),-626.1563,297.0291,748.0042,-44.7345,90.0,180.0,1313.783736126928,954.2149612758972
BufferA(52),-537.5931,384.0261,747.6696,-43.49557,90.0,180.0,1274.976080539442,901.447887292093
BufferA(53),-459.159,460.9132,747.6777,-45.00281,90.0,180.0,1250.0264183126449,867.1689618695101
BufferA(54),-372.994,544.8976,747.6774,-44.38171,90.0,180.0,1233.0990241926288,844.3420388025211
BufferA(55),-292.4161,625.539,747.6771,-45.11263,90.0,180.0,1229.0190325798203,839.0899931409848
BufferA(56),-624.4204,299.6118,682.2938,-44.06422,90.0,180.0,1279.9946683877952,907.0620505176644
BufferA(57),-537.4885,383.6058,682.2908,-43.34911,90.0,180.0,1240.6928889297913,852.7807887144714
BufferA(58),-456.6969,463.9232,682.2795,-43.99351,90.0,180.0,1214.9052591223917,815.7937106621955
BufferA(59),-372.8987,546.2063,681.0045,-44.03865,90.0,180.0,1197.8464537613809,791.7078369273554
BufferA(60),-300.3556,617.6983,681.0003,-47.27801,90.0,180.0,1192.9898435458877,785.5573764345937
BufferA(61),-628.8609,295.8696,616.3886,-45.06918,90.0,180.0,1251.7970265943945,866.754863228627
BufferA(62),-550.0865,373.1732,616.3851,-46.62413,90.0,180.0,1214.844393317135,813.9012920027353
BufferA(63),-466.7173,454.612,616.3857,-46.76436,90.0,180.0,1185.5396436982737,771.2502558885035
BufferA(64),-377.1541,541.5433,615.57,-45.24513,90.0,180.0,1165.5793451648008,742.4672011486743
BufferA(65),-291.606,627.2037,615.5692,-44.38652,90.0,180.0,1160.8360047720003,735.8446285340705
BufferA(66),-624.5153,301.3603,549.7764,-43.61695,90.0,180.0,1221.7387375414492,822.5661875271472
BufferA(67),-541.494,381.5225,548.8694,-44.04574,90.0,180.0,1181.835788626205,764.2863099353984
BufferA(68),-455.7934,464.2859,548.9001,-43.69507,90.0,180.0,1151.795775603148,719.4111255176598
BufferA(69),-374.9743,545.1756,548.898,-44.05675,90.0,180.0,1135.8611789040312,694.4795889931885
BufferA(70),-304.9116,620.8,548.929,-47.33475,90.0,180.0,1134.773495841829,690.4869246030702
BufferA(71),-624.6419,301.159,483.851,-43.38819,90.0,180.0,1196.8808963531399,785.512620773571
BufferA(72),-541.9069,381.9748,482.9604,-43.7861,90.0,180.0,1156.6670802843244,724.6430538051765
BufferA(73),-455.9678,465.5692,482.9601,-43.43359,90.0,180.0,1126.1785263468612,677.1927941775075
BufferA(74),-372.1911,549.1691,482.9604,-43.28323,90.0,180.0,1109.4363981293266,650.0722789284234
BufferA(75),-289.427,631.8351,482.9601,-43.43483,90.0,180.0,1105.212085245894,643.8920917905127
BufferA(76),-627.5026,298.7581,416.9667,-44.04876,90.0,180.0,1176.5837338016233,754.2930704671825
BufferA(77),-541.1895,384.3287,416.9664,-43.43893,90.0,180.0,1134.605608859613,688.3551097393683
BufferA(78),-462.2837,461.6035,416.9667,-44.88832,90.0,180.0,1106.078601686634,642.1483039045855
BufferA(79),-378.4328,541.6777,415.9167,-45.15922,90.0,180.0,1085.739486092741,609.8370251836485
BufferA(80),-298.498,622.9542,416.391,-45.77522,90.0,180.0,1081.4675342231062,602.3954195493438
BufferA(81),-624.4214,300.714,350.9396,-43.39066,90.0,180.0,1156.1646499584551,722.9772665439805
BufferA(82),-542.9863,380.6456,350.9402,-44.07883,90.0,180.0,1115.5414056310951,657.8738095018923
BufferA(83),-459.4874,464.795,350.9402,-43.92699,90.0,180.0,1085.9725129734313,607.0528553725763
BufferA(84),-373.378,549.1648,350.9402,-43.15432,90.0,180.0,1067.0006503138175,574.7189046357306
BufferA(85),-293.5134,627.9225,350.7788,-44.15038,90.0,180.0,1061.7129376349012,566.6680765790676
BufferA(86),-627.7974,297.545,283.0107,-44.07253,90.0,180.0,1142.9423465089303,701.8456911279773
BufferA(87),-544.8823,379.6318,284.4005,-44.35411,90.0,180.0,1101.2815135428025,633.2347843351453
BufferA(88),-461.6087,461.9633,284.4002,-44.53378,90.0,180.0,1070.3151382792964,579.4269466262559
BufferA(89),-378.2047,544.6829,284.3997,-44.36868,90.0,180.0,1051.6886307292,545.9081233127567
BufferA(90),-296.0607,624.4263,284.3997,-44.95182,90.0,180.0,1044.786699048289,535.3614550906107
BufferA(91),-621.7119,305.74,218.0485,-41.80218,90.0,180.0,1129.38454223185,678.805357862115
BufferA(92),-545.5364,379.2101,218.0488,-44.4406,90.0,180.0,1090.0950362391397,613.8200216553871
BufferA(93),-457.0211,466.4432,216.2337,-43.17592,90.0,180.0,1056.723928745777,554.5064411721924
BufferA(94),-376.8777,544.2476,217.2837,-44.09619,90.0,180.0,1038.1533126949168,521.1098466737949
BufferA(95),-293.3201,628.1503,217.2962,-44.0602,90.0,180.0,1033.1984186139803,512.183826245275
BufferA(96),-627.0932,301.6524,151.2376,-43.33939,90.0,180.0,1125.5055219888338,671.9158612563436
BufferA(97),-547.5717,379.8382,151.237,-44.62948,90.0,180.0,1084.526410210971,602.6083484954485
BufferA(98),-456.6612,468.3911,151.2373,-42.87273,90.0,180.0,1049.849060154688,540.640676377627
BufferA(99),-379.1314,543.513,151.2376,-44.67369,90.0,180.0,1031.5027001018066,507.0570353413569
BufferA(100),-291.2683,631.0447,151.2186,-43.32229,90.0,180.0,1025.8711245706052,497.12404558750734
BufferB(1),-230.4601,655.1923,1413.0,-91.51902,90.0,-180.0,1681.643049570332,1428.8761736859867
BufferB(2),-111.0247,652.5245,1413.0,-90.83427,90.0,-180.0,1637.9920762325823,1410.5665171790524
BufferB(3),-0.8338856,653.6352,1409.714,-92.43226,90.0,-180.0,1603.4837567016143,1400.3300799373521
BufferB(4),118.3875,651.3858,1409.714,-91.99841,90.0,-180.0,1575.3965685118574,1401.4562588365789
BufferB(5),243.3757,648.1413,1409.714,-90.97131,90.0,-180.0,1554.8217366904303,1413.2407665751855
BufferB(6),-225.9816,654.7119,1346.113,-90.32298,90.0,-180.0,1626.30988034764,1364.8828785008757
BufferB(7),-103.1041,652.709,1343.887,-89.04776,90.0,180.0,1578.8380922706087,1343.8036205090073
BufferB(8),10.56207,651.6168,1343.743,-89.89661,90.0,180.0,1544.3270129987116,1336.179006959167
BufferB(9),126.3306,650.6897,1342.841,-90.35172,90.0,-180.0,1516.5993037810204,1337.6601914443459
BufferB(10),246.7354,649.3708,1342.839,-89.93824,90.0,180.0,1497.3672040978076,1350.5621107868405
BufferB(11),-222.7797,655.4553,1278.411,-89.61549,90.0,180.0,1572.3673996935468,1301.0533304693863
BufferB(12),-115.2502,654.1993,1276.533,-91.32896,90.0,-180.0,1529.513358963705,1281.6491738980103
BufferB(13),6.834582,653.113,1276.532,-90.43597,90.0,-180.0,1490.714281099657,1272.4764005760362
BufferB(14),124.8952,651.9586,1276.531,-90.43,90.0,-180.0,1461.8845500834755,1274.682067052423
BufferB(15),242.009,651.1777,1275.331,-90.56216,90.0,-180.0,1441.473308734489,1286.5859732305728
BufferB(16),-231.2229,655.0388,1211.136,-90.76271,90.0,-180.0,1524.2087898141435,1240.1566415694608
BufferB(17),-110.1824,653.1254,1211.103,-90.04511,90.0,-180.0,1475.631955601032,1218.9509466707568
BufferB(18),9.049691,652.2928,1211.1,-90.0022,90.0,-180.0,1436.7522175550992,1209.959238659758
BufferB(19),123.9684,650.593,1211.074,-90.39796,90.0,-180.0,1407.3459771922064,1212.0738096412308
BufferB(20),245.9284,650.178,1208.745,-89.6953,90.0,180.0,1384.759743949038,1224.4324472582903
BufferB(21),-224.4732,655.3516,1145.057,-89.70712,90.0,180.0,1472.1407902700223,1177.8641024683884
BufferB(22),-103.7952,653.6387,1143.471,-89.04327,90.0,180.0,1421.4175585509965,1154.883011169206
BufferB(23),16.10327,652.2648,1142.761,-88.48595,90.0,180.0,1380.5181806456628,1145.192649827566
BufferB(24),122.0307,651.304,1142.669,-90.86703,90.0,-180.0,1352.79418140924,1147.6270830688636
BufferB(25),235.2046,650.5364,1142.668,-91.65913,90.0,-180.0,1332.0996535831414,1161.12763563633
BufferB(26),-233.8658,655.9514,1078.71,-91.41424,90.0,-180.0,1428.5357516913623,1119.717712315813
BufferB(27),-113.0391,653.984,1078.708,-90.549,90.0,-180.0,1376.4322918042194,1095.9343843597737
BufferB(28),12.43736,652.1628,1077.025,-89.01748,90.0,180.0,1330.6465385435124,1083.5232561579462
BufferB(29),122.956,651.6621,1077.066,-90.50571,90.0,-180.0,1300.885704674994,1086.3780722064948
BufferB(30),232.1836,650.7916,1077.065,-92.20715,90.0,-180.0,1279.9427279450458,1099.9870777842502
BufferB(31),-222.086,655.9246,1011.905,-88.88901,90.0,180.0,1376.1517133079062,1056.5624391973956
BufferB(32),-106.0318,654.3741,1011.904,-89.14779,90.0,180.0,1325.1845265935892,1033.515070403266
BufferB(33),8.724837,653.0414,1011.878,-89.64631,90.0,180.0,1283.2464183490004,1023.2885116140017
BufferB(34),117.3548,652.0267,1011.866,-91.47169,90.0,-180.0,1252.1324813110934,1025.5198107572824
BufferB(35),225.5228,651.1385,1009.926,-93.45069,90.0,-180.0,1228.5178799250727,1037.3700033457744
BufferB(36),-232.9149,656.3505,946.2569,-90.94392,90.0,-180.0,1337.0782204715786,1001.1133568109217
BufferB(37),-115.1839,654.6626,946.254,-90.87208,90.0,-180.0,1282.800883238913,975.1490392348054
BufferB(38),6.173874,653.095,945.2831,-90.13866,90.0,-180.0,1235.5423434989614,962.0128009639645
BufferB(39),120.9787,651.4556,945.2756,-90.93499,90.0,-180.0,1201.0298029492221,964.3652059589355
BufferB(40),236.429,650.8241,943.7966,-91.03574,90.0,-180.0,1176.1915738966622,979.4532717196529
BufferB(41),-235.012,655.7021,879.5908,-90.99394,90.0,-180.0,1294.5338380768312,943.2088655494264
BufferB(42),-112.2031,654.5538,878.8971,-90.11797,90.0,-180.0,1235.8772055662478,914.0972543836778
BufferB(43),2.630447,653.1326,878.8058,-90.65495,90.0,-180.0,1190.0776974033722,901.6373532118479
BufferB(44),121.1349,651.9048,877.0672,-90.51214,90.0,-180.0,1151.9342893782612,902.6426588328405
BufferB(45),234.3789,651.3054,877.6069,-91.40007,90.0,-180.0,1127.962177210483,920.1988253888145
BufferB(46),-229.71,656.4062,814.2679,-90.03475,90.0,-180.0,1251.8706681068631,885.9994668768758
BufferB(47),-115.3195,654.4922,814.2465,-90.52584,90.0,-180.0,1195.3756561114023,857.4679147321665
BufferB(48),3.882895,653.5206,814.5486,-90.34817,90.0,-180.0,1146.6210224058648,844.1205703993102
BufferB(49),121.5419,652.4673,811.383,-90.29936,90.0,-180.0,1106.592290659286,844.2328530721521
BufferB(50),239.9435,651.3702,811.2816,-90.17589,90.0,-180.0,1079.9650822601661,863.4034958304558
BufferB(51),-226.006,656.4727,747.4621,-89.10285,90.0,180.0,1210.8600755907419,829.0094043350064
BufferB(52),-112.8907,655.1026,747.4499,-89.95333,90.0,180.0,1153.6755981583099,799.4865405412964
BufferB(53),4.53148,653.6727,746.4487,-90.0468,90.0,-180.0,1102.8639738408397,784.2116050465432
BufferB(54),121.3268,652.6691,745.0535,-90.21593,90.0,-180.0,1062.878151040478,786.1705583748617
BufferB(55),231.4446,651.9622,744.4907,-91.72871,90.0,-180.0,1036.554837654535,804.4652992926096
BufferB(56),-228.1979,657.2134,680.6197,-89.4373,90.0,180.0,1175.88859183611,775.9232800352222
BufferB(57),-115.7731,655.6333,680.1775,-90.45645,90.0,-180.0,1116.6416483408432,743.6413666150747
BufferB(58),-2.712157,654.2737,679.5519,-91.39422,90.0,-180.0,1065.7941734409223,727.4086089692488
BufferB(59),118.693,653.1456,679.7523,-90.63627,90.0,-180.0,1023.136627914577,730.2606068011036
BufferB(60),235.6421,652.0714,677.9037,-90.68295,90.0,-180.0,993.1466338304679,750.1070340999996
BufferB(61),-226.3636,657.2798,614.79,-88.94113,90.0,180.0,1141.523399417027,724.049534903494
BufferB(62),-113.786,655.3224,614.6063,-89.94287,90.0,180.0,1080.4034915193727,689.6452214014943
BufferB(63),2.157665,654.2679,613.719,-90.25571,90.0,-180.0,1026.9341121994205,672.3047347440779
BufferB(64),115.6101,653.1959,613.0699,-91.06226,90.0,-180.0,985.1636712623156,674.6282897071483
BufferB(65),241.7728,652.4633,612.16,-89.38194,90.0,180.0,952.7887841042607,699.2734638437325
BufferB(66),-233.1681,657.5489,549.2078,-90.09779,90.0,-180.0,1115.282230579588,678.3257984472373
BufferB(67),-115.2587,655.5242,547.3785,-90.06719,90.0,-180.0,1048.3832993530207,637.7045591575788
BufferB(68),0.4107615,654.7393,547.377,-90.41638,90.0,-180.0,993.8348456123913,619.6064242629371
BufferB(69),115.6749,653.6747,547.3738,-90.9286,90.0,-180.0,950.2043430796039,622.6054964780523
BufferB(70),223.7771,653.124,546.4189,-92.83701,90.0,-180.0,920.4554270951601,643.974927592373
BufferB(71),-233.4757,657.575,482.4975,-90.07069,90.0,-180.0,1087.8804112434993,632.4477809563426
BufferB(72),-111.8382,655.12,482.4954,-89.02792,90.0,180.0,1017.7543425164118,588.8668541784552
BufferB(73),1.928165,654.5344,480.8353,-90.02886,90.0,-180.0,962.1348624491698,568.9492989772251
BufferB(74),118.4349,653.6639,480.8311,-90.22042,90.0,-180.0,916.9402464923805,572.8222776917881
BufferB(75),229.4709,653.1118,480.8308,-91.60632,90.0,-180.0,886.302967325142,598.1827998329373
BufferB(76),-227.0719,657.6547,415.7038,-88.66238,90.0,180.0,1059.8676554934873,587.4783999243632
BufferB(77),-119.7039,656.3706,415.7032,-90.69196,90.0,-180.0,997.0788012726573,546.5114589496436
BufferB(78),2.97035,655.0859,415.7006,-89.65231,90.0,180.0,935.4681399293245,523.4115483498703
BufferB(79),95.17461,654.8326,413.38,-94.96342,90.0,-180.0,897.1397874805206,523.5647742709497
BufferB(80),230.6337,653.372,413.3788,-91.23627,90.0,-180.0,856.3142075530872,553.8492324309243
BufferB(81),-228.3665,657.9169,348.835,-88.68731,90.0,180.0,1040.337462782652,550.8376430760792
BufferB(82),-118.0392,656.8447,349.8701,-90.16688,90.0,-180.0,974.9894966208086,506.467289040935
BufferB(83),-2.560613,655.5148,349.1588,-90.66161,90.0,-180.0,915.1405503245569,481.9730423940286
BufferB(84),116.4778,654.4217,349.1561,-90.41438,90.0,-180.0,865.8157701516054,485.68739058521373
BufferB(85),233.1122,653.7112,347.5358,-90.60899,90.0,-180.0,831.0648811987795,516.0038470031149
BufferB(86),-229.5604,658.0095,283.0705,-88.90113,90.0,180.0,1024.8577070698086,520.535397171714
BufferB(87),-114.4493,656.3799,283.0717,-89.32436,90.0,180.0,954.8821493797755,470.3970773583442
BufferB(88),2.224162,655.5472,283.0708,-89.55923,90.0,180.0,894.2464095924897,445.63996958767456
BufferB(89),126.2112,654.5612,283.0675,-88.37243,90.0,180.0,842.74014862103,451.9472763669984
BufferB(90),238.5221,653.911,281.5213,-89.4295,90.0,180.0,809.5635101730942,485.21881006046124
BufferB(91),-233.5174,658.2607,217.4966,-89.4818,90.0,180.0,1015.340894400707,498.8199952064031
BufferB(92),-115.0017,656.8373,217.5007,-89.23999,90.0,180.0,942.411138079628,444.2193737992705
BufferB(93),-10.0042,656.0018,214.1064,-91.78755,90.0,-180.0,885.8361219517601,417.70873085588005
BufferB(94),115.891,655.1005,213.97,-90.1547,90.0,-180.0,831.3449637761424,421.22076844673745
BufferB(95),236.1156,653.8374,213.9857,-89.69245,90.0,180.0,794.2318986092033,457.7837882693401
BufferB(96),-244.0681,658.5596,150.8695,-91.46718,90.0,-180.0,1014.2547950905264,488.7226811471164
BufferB(97),-108.8905,656.1697,150.8457,-87.66218,90.0,180.0,929.5643046688592,422.9899001746307
BufferB(98),-1.420333,655.9714,149.0952,-90.0177,90.0,-180.0,872.6775529375119,397.96334272857644
BufferB(99),116.4259,655.059,149.0943,-90.03015,90.0,-180.0,821.5757964907568,402.7314519936604
BufferB(100),230.4086,654.1339,147.8269,-90.75672,90.0,-180.0,785.7375572106972,438.25094772256006
BufferC(1),300.2347,627.4055,1404.43,-132.4159,90.0,-180.0,1534.8471166923323,1412.2054863113153
BufferC(2),381.8118,543.414,1404.409,-132.4535,90.0,-180.0,1492.3955260435507,1410.870917252738
BufferC(3),456.7728,467.1749,1404.364,-134.4447,90.0,-180.0,1460.9355448147587,1418.2984400164064
BufferC(4),545.4136,378.1277,1404.338,-132.7375,90.0,-180.0,1433.5634053414992,1437.4399361755204
BufferC(5),632.0325,292.2813,1404.336,-131.8857,90.0,-180.0,1417.4524060162041,1466.3785542248668
BufferC(6),297.3867,626.431,1337.662,-132.6165,90.0,-180.0,1476.4663740765843,1348.1725479892953
BufferC(7),383.5294,542.6447,1337.662,-132.0627,90.0,-180.0,1432.172454418558,1347.887420115388
BufferC(8),466.4366,458.6024,1337.662,-131.8727,90.0,-180.0,1396.6240669672013,1357.2160321709196
BufferC(9),545.4764,379.8631,1337.662,-133.062,90.0,-180.0,1371.852329376845,1375.6272396990241
BufferC(10),631.5714,294.2837,1337.649,-132.1946,90.0,-180.0,1354.8876436130472,1405.5103472587584
BufferC(11),299.5838,626.1716,1272.13,-132.2139,90.0,-180.0,1419.8211618368018,1286.8000977988393
BufferC(12),378.2951,548.1026,1272.115,-133.5605,90.0,-180.0,1376.7392702669797,1285.8920731014887
BufferC(13),460.2095,465.3586,1272.087,-133.8357,90.0,-180.0,1339.5489588996647,1294.8239184760453
BufferC(14),542.1471,383.2059,1272.051,-133.9341,90.0,-180.0,1311.8866304433038,1314.104639590879
BufferC(15),624.3936,299.1117,1272.042,-133.9139,90.0,-180.0,1293.542490545245,1343.2819665755824
BufferC(16),297.2295,627.6042,1206.393,-132.6632,90.0,-180.0,1365.1076242859008,1225.1946537290391
BufferC(17),382.6363,542.8115,1205.569,-132.2056,90.0,-180.0,1315.7972948199147,1223.5882749241111
BufferC(18),462.1947,461.3559,1205.568,-132.6716,90.0,-180.0,1277.9671905444075,1233.029344673815
BufferC(19),548.6449,375.9136,1205.568,-131.9059,90.0,-180.0,1248.5631906486333,1255.2317157414866
BufferC(20),630.9446,294.1215,1205.567,-132.2398,90.0,-180.0,1230.966641683647,1286.7124323766536
BufferC(21),294.5009,629.642,1138.407,-133.2791,90.0,-180.0,1309.9343976248183,1162.0723591973592
BufferC(22),379.9667,545.7722,1138.405,-132.7988,90.0,-180.0,1259.3638992776853,1161.0748151272028
BufferC(23),462.5666,462.5186,1138.399,-132.877,90.0,-180.0,1218.6772958665003,1171.4280030647783
BufferC(24),548.8463,374.4624,1138.39,-131.5754,90.0,-180.0,1186.667689559388,1194.40548231676
BufferC(25),630.623,295.043,1138.385,-132.1524,90.0,-180.0,1168.9633903981792,1227.3489403022231
BufferC(26),302.1422,623.5143,1072.941,-131.1682,90.0,-180.0,1252.2907512210716,1101.6273811838864
BufferC(27),381.7615,542.7398,1072.93,-132.0613,90.0,-180.0,1202.0856101350084,1100.5519274002022
BufferC(28),465.8279,458.4977,1072.914,-131.613,90.0,-180.0,1159.3065932096504,1112.2149739675085
BufferC(29),549.076,375.8472,1072.908,-131.6598,90.0,-180.0,1128.1098101901453,1136.0799861511643
BufferC(30),629.8003,294.1137,1072.862,-132.0878,90.0,-180.0,1108.319147573047,1169.9692244961157
BufferC(31),299.6463,624.6517,1007.732,-131.7154,90.0,-180.0,1201.0959706249312,1041.9748222391374
BufferC(32),379.1795,546.6685,1007.731,-132.9104,90.0,-180.0,1149.9902332393635,1041.2800805916581
BufferC(33),464.2672,457.8808,1005.252,-131.8167,90.0,-180.0,1100.3044899416732,1050.4607692761485
BufferC(34),545.8841,378.7697,1005.251,-132.5623,90.0,-180.0,1068.7130203933727,1075.2113894923705
BufferC(35),626.4932,297.9436,1005.245,-133.1894,90.0,-180.0,1047.6907543522782,1110.5106398266691
BufferC(36),296.0757,629.0818,940.2192,-132.7504,90.0,-180.0,1151.7667716037824,981.8956293343463
BufferC(37),380.7541,544.1889,940.2189,-132.4037,90.0,-180.0,1093.4971349990467,980.3392816968175
BufferC(38),465.2558,458.3063,940.2186,-131.6965,90.0,-180.0,1045.2416851223393,993.0960001307044
BufferC(39),548.6842,375.9015,940.2183,-131.6995,90.0,-180.0,1010.6435867256872,1019.8429040569112
BufferC(40),633.8091,291.936,939.8186,-131.2212,90.0,-180.0,988.2098067534482,1059.5592105339633
BufferC(41),299.835,625.2047,873.9417,-131.5122,90.0,-180.0,1098.9605811875917,922.7705767152711
BufferC(42),380.6566,544.3934,873.9316,-132.2854,90.0,-180.0,1041.0168866457632,921.5769410311686
BufferC(43),462.5457,462.9028,873.9174,-132.726,90.0,-180.0,992.5514097635163,934.8059945849492
BufferC(44),549.0464,375.926,873.9117,-131.5017,90.0,-180.0,953.5168868902845,963.6475868526314
BufferC(45),629.722,296.5851,873.8834,-132.343,90.0,-180.0,931.0489275214723,1003.4258531651993
BufferC(46),295.2177,629.4764,808.5433,-132.8337,90.0,-180.0,1054.9429341192354,866.2989621637983
BufferC(47),378.8254,544.8019,808.5278,-132.5975,90.0,-180.0,991.0635074641441,864.0457586854831
BufferC(48),465.0343,459.765,808.5255,-131.8864,90.0,-180.0,937.9090655518186,879.2559268010434
BufferC(49),546.5416,379.4023,807.9587,-132.4001,90.0,-180.0,899.3849421302592,907.9091993291498
BufferC(50),628.5694,296.6209,807.959,-132.5025,90.0,-180.0,873.7511536504404,950.2794832016505
BufferC(51),296.0168,631.2109,743.0648,-132.972,90.0,-180.0,1010.7038032706176,811.7178568069745
BufferC(52),382.9567,542.9423,743.0645,-131.6383,90.0,-180.0,941.1566417179213,809.4167727005463
BufferC(53),463.4329,461.7152,743.0637,-132.1461,90.0,-180.0,887.706811468916,824.1643422667654
BufferC(54),543.6819,381.6723,743.0639,-133.0251,90.0,-180.0,847.0607834856738,854.1212576003386
BufferC(55),626.5114,298.8121,743.0639,-132.9596,90.0,-180.0,819.4407014243274,899.0814747022174
BufferC(56),294.2924,628.2874,674.4106,-132.6514,90.0,-180.0,963.6352904598283,753.211128076317
BufferC(57),377.2557,548.1897,674.6235,-133.1846,90.0,-180.0,896.7860044438224,752.2317161795612
BufferC(58),464.057,460.3793,674.6072,-131.8625,90.0,-180.0,835.3115438599539,768.7273028094448
BufferC(59),548.1099,377.2877,674.6,-131.6446,90.0,-180.0,790.9270368571842,802.944054270499
BufferC(60),631.0189,295.3625,674.5917,-131.9046,90.0,-180.0,762.7355237933655,851.5489564328054
BufferC(61),296.7525,629.4493,609.7309,-132.4566,90.0,-180.0,924.3373516787058,703.2877625213792
BufferC(62),372.0779,552.2728,609.7279,-134.3749,90.0,-180.0,857.0122230470773,699.7040423019964
BufferC(63),465.2427,459.0006,609.7267,-131.4449,90.0,-180.0,787.8871810268458,718.5879113785049
BufferC(64),543.8219,381.0029,609.7223,-132.749,90.0,-180.0,743.3255769877501,752.4137928228536
BufferC(65),629.4226,295.4022,608.755,-132.0206,90.0,-180.0,710.3098864273294,804.4548589522808
BufferC(66),297.6885,627.3376,542.0378,-131.867,90.0,-180.0,883.8807490615867,651.3390489419438
BufferC(67),382.0485,541.5257,542.0131,-131.276,90.0,-180.0,806.1000723715312,648.8564115990779
BufferC(68),457.8079,467.3272,541.9902,-133.746,90.0,-180.0,748.1277399621267,666.2760149230497
BufferC(69),546.5099,378.3809,541.9866,-131.98,90.0,-180.0,693.3989881072207,706.3240635205755
BufferC(70),625.062,299.5306,541.9741,-133.1963,90.0,-180.0,661.218946786696,757.5675032991132
BufferC(71),298.7654,625.5806,476.6173,-131.4579,90.0,-180.0,848.3145662414453,604.3544643387124
BufferC(72),386.2971,540.0629,476.6167,-130.3361,90.0,-180.0,767.3706036628583,604.0524296963038
BufferC(73),465.507,459.7696,476.6167,-131.3343,90.0,-180.0,702.170543365228,623.8978375094147
BufferC(74),542.6328,381.9646,476.6164,-132.9526,90.0,-180.0,651.5841009481536,661.4437905144397
BufferC(75),623.124,300.6682,476.5519,-133.5658,90.0,-180.0,615.271165659503,716.5277490562023
BufferC(76),295.4609,630.0634,409.6655,-132.4901,90.0,-180.0,822.0126719932032,562.088116598444
BufferC(77),374.4879,548.4017,409.6643,-133.3511,90.0,-180.0,741.1320537233912,557.2966600268766
BufferC(78),455.748,469.4285,409.664,-134.1278,90.0,-180.0,672.2426343901698,577.9036948196646
BufferC(79),538.2028,384.2865,409.6622,-133.9133,90.0,-180.0,611.9222467766796,618.6930576152896
BufferC(80),617.9714,306.0206,409.6604,-135.1402,90.0,-180.0,574.1016173472896,676.0337620185061
BufferC(81),289.7088,637.7761,342.5459,-134.4485,90.0,-180.0,803.809469652326,526.0308680049965
BufferC(82),375.6352,548.3095,342.201,-133.0644,90.0,-180.0,711.6435843342057,518.8215190348873
BufferC(83),460.0801,462.5863,342.1927,-132.5097,90.0,-180.0,633.9002591917593,541.0979749976598
BufferC(84),541.8865,383.2442,342.1778,-133.1795,90.0,-180.0,575.9289594316921,586.6024578771861
BufferC(85),624.7529,298.5986,342.1008,-133.0635,90.0,-180.0,532.578448998297,649.8165318676126
BufferC(86),294.1027,628.4241,277.4597,-132.3985,90.0,-180.0,773.7435247240131,489.97360465930404
BufferC(87),376.8569,547.3518,277.4597,-132.6876,90.0,-180.0,687.5638304798688,487.444048797244
BufferC(88),458.0495,465.4338,277.46,-133.1527,90.0,-180.0,610.3797446076136,510.2210784409245
BufferC(89),539.9708,385.8079,277.46,-133.8358,90.0,-180.0,549.0012021904101,557.596851414543
BufferC(90),627.6619,296.9725,277.46,-132.2596,90.0,-180.0,501.2548289347501,627.5180569270226
BufferC(91),295.5089,627.4224,209.6551,-131.8846,90.0,-180.0,756.2941779954662,464.4245776886684
BufferC(92),378.5112,546.9084,210.1112,-132.396,90.0,-180.0,668.7926233809922,462.84407684271173
BufferC(93),459.3214,465.294,210.1056,-132.9723,90.0,-180.0,589.7090543842427,486.91351991884346
BufferC(94),543.4626,382.9224,210.0339,-132.8363,90.0,-180.0,524.093033700815,538.0423211801948
BufferC(95),626.3774,298.1671,209.8492,-132.4787,90.0,-180.0,476.2927989040141,606.6331283649616
BufferC(96),294.6238,630.3895,142.5112,-132.6916,90.0,-180.0,748.9772167578261,449.75699072129606
BufferC(97),374.9714,549.5808,142.5272,-133.3285,90.0,-180.0,659.8123152031565,445.0848287250757
BufferC(98),457.2909,466.7327,142.5308,-133.4461,90.0,-180.0,577.5154974855494,469.81733882772147
BufferC(99),544.5358,378.8322,142.5314,-132.0997,90.0,-180.0,505.2609761802445,523.8954992701025
BufferC(100),626.0355,295.984,142.5326,-132.1849,90.0,-180.0,457.52503728588187,593.5814556534697
BufferD(1),654.3828,241.0541,1403.611,-178.3309,90.0,-180.0,1406.8806325904397,1475.0025104196711
BufferD(2),654.5579,126.3563,1404.487,-178.8437,90.0,-180.0,1384.1418735680409,1482.5091894223342
BufferD(3),654.0241,2.356748,1404.437,-177.3913,90.0,-180.0,1368.8737765739354,1499.2897524516213
BufferD(4),652.9979,-113.2604,1404.354,-177.7818,90.0,-180.0,1364.5447703046668,1523.6404928384372
BufferD(5),652.7695,-230.9789,1404.297,-177.906,90.0,-180.0,1370.3501549662867,1557.2332368405864
BufferD(6),652.6899,233.5532,1339.634,-176.6668,90.0,-180.0,1343.720887224209,1416.5729317285702
BufferD(7),653.2241,119.0412,1339.573,-177.2057,90.0,-180.0,1319.689946538586,1424.2477889704462
BufferD(8),653.1591,5.316983,1338.29,-177.9455,90.0,-180.0,1304.058402155955,1439.5280326779339
BufferD(9),653.3863,-114.6308,1338.282,-177.5334,90.0,-180.0,1299.583916903674,1466.3621361202463
BufferD(10),654.1119,-228.8694,1338.273,-178.1403,90.0,-180.0,1305.68442408336,1500.6198624926953
BufferD(11),653.0249,241.6791,1272.301,-178.5183,90.0,-180.0,1281.9932221498698,1356.203450210191
BufferD(12),654.0156,124.4853,1272.296,-178.4401,90.0,-180.0,1255.6948781174492,1364.0766492845937
BufferD(13),653.7323,9.29693,1272.291,-178.8815,90.0,-180.0,1239.900102148954,1380.9332157648084
BufferD(14),652.8994,-115.188,1272.28,-177.2576,90.0,-180.0,1234.6372870155856,1409.310852653724
BufferD(15),653.3181,-230.4947,1272.271,-177.7761,90.0,-180.0,1241.1593435400007,1445.204442685129
BufferD(16),653.826,238.4986,1205.888,-177.7657,90.0,-180.0,1218.6427760109382,1297.821112582389
BufferD(17),651.9596,117.4924,1205.878,-176.8564,90.0,-180.0,1189.978903793057,1305.420094541682
BufferD(18),652.1568,8.318403,1205.875,-178.6639,90.0,-180.0,1174.6418645213291,1322.6581483169264
BufferD(19),653.1697,-110.3393,1205.872,-178.2696,90.0,-180.0,1169.5191092823948,1351.54687020228
BufferD(20),654.2125,-231.7957,1205.867,-177.3941,90.0,-180.0,1176.710275461401,1391.015444791297
BufferD(21),651.4538,239.9382,1138.555,-177.9997,90.0,-180.0,1155.5079654356373,1237.76479125872
BufferD(22),654.1108,125.0768,1138.511,-178.5027,90.0,-180.0,1127.2204184864847,1247.065594043033
BufferD(23),653.0026,6.812114,1138.499,-178.2523,90.0,-180.0,1109.0459759204582,1265.6558747997103
BufferD(24),652.8514,-111.2324,1138.495,-178.0328,90.0,-180.0,1103.528970235619,1295.2209878368888
BufferD(25),653.5671,-227.7442,1138.49,-178.1955,90.0,-180.0,1110.6121433117755,1334.4350406252543
BufferD(26),653.4569,235.8216,1070.9,-177.0516,90.0,-180.0,1091.7734503682234,1180.6450935086445
BufferD(27),652.3252,125.0304,1071.222,-178.5459,90.0,-180.0,1062.6196739968848,1188.6443406897783
BufferD(28),651.7703,6.568624,1071.202,-178.1875,90.0,-180.0,1043.4231668601851,1208.4577224384507
BufferD(29),652.9829,-112.1464,1071.197,-177.8568,90.0,-180.0,1037.8964197178711,1240.2922490736269
BufferD(30),652.3827,-232.1184,1071.177,-177.3212,90.0,-180.0,1045.637208341849,1281.9782445035905
BufferD(31),653.6179,235.4476,1006.813,-177.1235,90.0,-180.0,1032.6350921733658,1126.5698786100381
BufferD(32),654.077,124.4549,1006.666,-178.3976,90.0,-180.0,1001.665215282689,1135.4662820111482
BufferD(33),652.266,8.285009,1006.656,-178.6434,90.0,-180.0,981.3155875668446,1155.0707978743137
BufferD(34),653.7661,-116.6134,1006.635,-176.914,90.0,-180.0,975.3457280380406,1190.2922646221323
BufferD(35),652.8237,-234.0281,1006.626,-176.9159,90.0,-180.0,983.7112736105678,1232.895637708585
BufferD(36),651.606,235.0537,938.2875,-176.7834,90.0,-180.0,969.5725413828434,1068.7185663291202
BufferD(37),651.7391,127.2269,938.5424,-178.9524,90.0,-180.0,937.6460395078165,1077.860102076611
BufferD(38),654.2769,1.288476,939.7466,-176.9392,90.0,-180.0,916.6303687109004,1103.92857705409
BufferD(39),654.3146,-113.6935,939.7463,-177.5448,90.0,-180.0,910.677644126549,1137.3478216431815
BufferD(40),653.2316,-233.0408,939.746,-177.1377,90.0,-180.0,919.5014514207824,1182.3243175383031
BufferD(41),654.9633,239.8831,873.3262,-177.8896,90.0,-180.0,913.814630307717,1018.1236295873041
BufferD(42),653.3948,121.308,873.3223,-177.5908,90.0,-180.0,875.7403332892985,1027.4608421576115
BufferD(43),652.5279,5.895249,873.3161,-178.0395,90.0,-180.0,853.1799344922402,1049.8011746117536
BufferD(44),653.2508,-114.8766,873.3134,-177.2489,90.0,-180.0,846.4000582228321,1086.8203100613964
BufferD(45),652.4847,-229.9766,873.2941,-177.7101,90.0,-180.0,855.4836098328695,1132.2071290670317
BufferD(46),654.0051,241.5613,807.7716,-178.1538,90.0,-180.0,856.4067970868737,966.1522960339255
BufferD(47),653.7297,123.3192,807.7716,-177.9722,90.0,-180.0,815.8825879253507,976.5522147336618
BufferD(48),653.9497,5.880976,807.7716,-178.0251,90.0,-180.0,791.3701072388641,1001.0026429373652
BufferD(49),653.7283,-111.2791,807.7687,-177.9554,90.0,-180.0,783.7323037206897,1037.8739465264825
BufferD(50),653.7032,-233.4626,807.7479,-177.0577,90.0,-180.0,794.357673373049,1088.6011163560304
BufferD(51),656.5483,239.6565,742.2486,-177.7973,90.0,-180.0,799.7702476361806,918.4153295956215
BufferD(52),653.7823,119.825,741.5905,-177.2393,90.0,-180.0,754.6703156741264,927.7110431985177
BufferD(53),653.0521,2.56485,741.5905,-177.2026,90.0,-180.0,728.3833279283499,953.1822425879777
BufferD(54),653.0728,-111.9789,741.59,-177.8363,90.0,-180.0,720.6632570827762,991.3672945564687
BufferD(55),654.237,-232.5919,741.5903,-177.1108,90.0,-180.0,732.4454776108058,1044.3975574777
BufferD(56),652.3745,234.3451,675.6682,-176.5626,90.0,-180.0,740.0279279056632,867.6213692041903
BufferD(57),653.5107,123.5702,675.6658,-178.0399,90.0,-180.0,696.83163714142,879.8737651325922
BufferD(58),652.4903,8.622485,675.6628,-178.4309,90.0,-180.0,667.8964281658076,905.338229937654
BufferD(59),653.9913,-111.5992,675.6604,-177.9872,90.0,-180.0,658.9850878487794,947.9524828803287
BufferD(60),654.1154,-227.1292,674.862,-178.2999,90.0,-180.0,669.7297090685506,999.574907894534
BufferD(61),654.0622,241.3226,609.1246,-178.1186,90.0,-180.0,689.7067199196174,823.0367386542291
BufferD(62),654.9631,124.4418,609.1225,-178.1268,90.0,-180.0,639.6515026014756,835.8831536460787
BufferD(63),653.1978,6.636428,608.7089,-177.9691,90.0,-180.0,606.6499019968077,862.6041636845326
BufferD(64),654.0294,-109.6916,608.7056,-178.1765,90.0,-180.0,596.9094424297522,905.4005842220769
BufferD(65),653.3331,-227.8746,608.7042,-178.1118,90.0,-180.0,609.4134275877087,960.438304956413
BufferD(66),653.2341,242.0059,543.3488,-178.224,90.0,-180.0,638.6509644638624,780.3274404823721
BufferD(67),652.6443,121.4091,542.1668,-177.5964,90.0,-180.0,581.075647471671,792.5795346550516
BufferD(68),652.8762,6.252191,542.0958,-177.9996,90.0,-180.0,546.9299235147007,822.0242092882613
BufferD(69),654.2471,-110.9879,541.9646,-177.9902,90.0,-180.0,536.3220133401552,867.5897401234446
BufferD(70),652.3104,-230.3568,541.9581,-177.6101,90.0,-180.0,550.2230282823389,924.8588231215766
BufferD(71),654.2939,236.8262,477.1558,-177.0887,90.0,-180.0,587.554937593951,742.5706706604645
BufferD(72),653.3075,116.8129,477.1531,-176.6343,90.0,-180.0,526.7374814337287,756.5676387638001
BufferD(73),654.3637,0.7970662,476.8094,-176.7196,90.0,-180.0,489.8815240923577,788.8309557886603
BufferD(74),653.7518,-113.1198,476.8094,-177.6603,90.0,-180.0,478.4277062461722,834.0586247178732
BufferD(75),654.2087,-224.4688,475.4514,-178.8512,90.0,-180.0,492.44421615986477,890.3150879215717
BufferD(76),654.4684,238.5693,410.8418,-177.3746,90.0,-180.0,543.665456449986,707.870838794827
BufferD(77),653.6349,120.9892,410.8281,-177.2968,90.0,-180.0,478.0546592025201,721.8718320843792
BufferD(78),653.363,5.156743,410.8127,-177.7305,90.0,-180.0,435.6497541230619,754.0101431986203
BufferD(79),654.0002,-109.6269,410.8106,-178.3599,90.0,-180.0,422.25783545595414,801.9538612632151
BufferD(80),655.6533,-228.3768,410.8106,-177.9539,90.0,-180.0,441.1571291510629,865.6020903043637
BufferD(81),653.4982,236.6098,343.3476,-176.9323,90.0,-180.0,500.98254197043394,676.5423749556195
BufferD(82),652.7512,118.0012,343.3464,-176.7835,90.0,-180.0,428.95520986165167,691.820155820605
BufferD(83),653.6437,3.267496,343.3449,-177.2753,90.0,-180.0,383.064514126379,726.3579139513698
BufferD(84),654.0505,-111.7126,343.3419,-177.7409,90.0,-180.0,368.20919451042187,776.2050297374387
BufferD(85),654.2358,-228.2182,343.3419,-178.0414,90.0,-180.0,388.7597616884284,839.6893828816344
BufferD(86),651.7166,239.3615,276.1918,-177.4701,90.0,-180.0,467.4315935750295,649.847494424792
BufferD(87),651.9055,122.1501,276.9905,-177.4843,90.0,-180.0,390.22018961734364,666.0573515624011
BufferD(88),653.8209,2.055308,276.9783,-176.9825,90.0,-180.0,336.7012274702694,704.0952563068564
BufferD(89),653.5429,-111.2888,276.9673,-177.7974,90.0,-180.0,319.58329132709935,754.210431716588
BufferD(90),655.6982,-230.1354,276.559,-177.4727,90.0,-180.0,344.86176110309134,822.1350331783204
BufferD(91),652.3401,232.6606,207.8778,-175.9602,90.0,-180.0,435.16597053629044,631.7842028331034
BufferD(92),652.6723,120.979,209.0529,-177.3696,90.0,-180.0,356.7110717931441,648.5045354993672
BufferD(93),653.2582,3.795539,208.8356,-177.3041,90.0,-180.0,297.5827507544917,685.3545125455526
BufferD(94),652.8776,-111.0022,208.8073,-177.9399,90.0,-180.0,277.29928555813416,737.1389194693902
BufferD(95),654.538,-227.6478,207.1112,-178.249,90.0,-180.0,304.15605811574693,804.523150506245
BufferD(96),653.0191,240.3468,140.95,-177.6652,90.0,-180.0,423.8020961618472,620.2137045488466
BufferD(97),652.2087,121.9448,140.7303,-177.6035,90.0,-180.0,334.3206053361079,636.0132269754098
BufferD(98),653.1085,-0.2430165,140.3976,-176.6042,90.0,-180.0,268.24395192919,675.6547050029463
BufferD(99),654.2021,-116.659,140.391,-176.8439,90.0,-180.0,248.91774148801767,730.867348369541
BufferD(100),653.9357,-234.3788,140.3872,-176.7207,90.0,-180.0,280.6632884365884,799.1047842146186
BufferE(1),633.8401,-289.6253,1407.004,136.5519,90.0,-180.0,1376.602311794908,1572.0864592218566
BufferE(2),547.3071,-373.0529,1407.07,137.0434,90.0,-180.0,1379.6794023304856,1573.619065457671
BufferE(3),461.4052,-455.5697,1407.032,137.505,90.0,-180.0,1392.8473753763387,1583.9593713040458
BufferE(4),382.1469,-535.4158,1406.986,136.3452,90.0,-180.0,1414.9346410268058,1603.16917345257
BufferE(5),298.9986,-620.6398,1406.98,136.8249,90.0,-180.0,1447.7324599897613,1632.2675798840626
BufferE(6),632.7532,-290.4885,1342.328,136.7789,90.0,-180.0,1313.3329603939267,1517.087795711187
BufferE(7),548.1828,-372.3782,1341.134,136.9328,90.0,-180.0,1315.3298893519473,1517.7288522219449
BufferE(8),462.8512,-454.9568,1341.098,137.1198,90.0,-180.0,1329.0759090176173,1528.552562732783
BufferE(9),380.9508,-538.1207,1341.049,136.9732,90.0,-180.0,1353.217139614983,1549.4830056909989
BufferE(10),296.3236,-621.853,1340.923,137.4643,90.0,-180.0,1387.1738545099117,1578.5979838431867
BufferE(11),624.839,-296.1505,1275.505,138.7895,90.0,-180.0,1247.7045241689862,1460.193617380442
BufferE(12),545.191,-374.9461,1275.491,137.6484,90.0,-180.0,1251.733973615287,1462.9983914984255
BufferE(13),464.1989,-454.5088,1274.286,136.8944,90.0,-180.0,1264.7272875508206,1473.3453553254499
BufferE(14),381.5161,-538.5261,1274.28,137.0684,90.0,-180.0,1290.3117046730863,1495.2682024206608
BufferE(15),294.9596,-622.7877,1274.255,137.6879,90.0,-180.0,1326.3549241349679,1525.478494553209
BufferE(16),627.9968,-293.7857,1209.316,138.0771,90.0,-180.0,1183.4926351327226,1406.1219255209317
BufferE(17),548.751,-370.4772,1209.246,136.559,90.0,-180.0,1186.886797258747,1407.866924705155
BufferE(18),466.494,-453.8651,1209.242,136.606,90.0,-180.0,1202.3192428792927,1420.7486075786314
BufferE(19),380.1759,-537.7543,1208.448,137.2183,90.0,-180.0,1228.3325729476712,1441.7385010772052
BufferE(20),298.4219,-621.2023,1208.441,137.1791,90.0,-180.0,1265.39983783293,1473.4447935277203
BufferE(21),627.7775,-292.5204,1142.065,137.9164,90.0,-180.0,1118.0471195809844,1351.2717734771716
BufferE(22),545.2438,-373.8658,1141.963,137.5979,90.0,-180.0,1122.2783076836895,1353.9747053673868
BufferE(23),462.6742,-456.0344,1141.927,137.4272,90.0,-180.0,1138.6680371905086,1367.0123507585138
BufferE(24),382.0055,-536.5864,1141.919,136.8407,90.0,-180.0,1165.879014463772,1389.2775272735612
BufferE(25),297.3683,-621.1097,1141.753,137.2421,90.0,-180.0,1205.2706267221008,1422.0047031937138
BufferE(26),633.8406,-287.2405,1074.503,136.4334,90.0,-180.0,1053.0864819566507,1298.4876892000184
BufferE(27),546.7424,-373.3555,1074.498,137.4176,90.0,-180.0,1057.442451294592,1301.2216957502653
BufferE(28),464.0985,-452.0493,1074.483,136.6757,90.0,-180.0,1073.5531838678721,1312.7378393628826
BufferE(29),382.0197,-538.2041,1074.467,137.0726,90.0,-180.0,1104.2099054381126,1338.5846930881205
BufferE(30),296.2676,-622.9978,1074.46,137.8094,90.0,-180.0,1146.2338808519862,1372.7108988517334
BufferE(31),625.0683,-293.6393,1009.188,138.6237,90.0,-180.0,989.6662911280578,1247.0327103623554
BufferE(32),549.9365,-373.4705,1009.188,137.0641,90.0,-180.0,995.4059519721417,1252.5263154289773
BufferE(33),463.1764,-457.6453,1009.188,137.7462,90.0,-180.0,1013.9801933674028,1266.0448756890555
BufferE(34),379.182,-539.6527,1009.185,137.6983,90.0,-180.0,1045.2634525556489,1290.1563008408787
BufferE(35),297.7365,-622.8487,1009.186,137.5112,90.0,-180.0,1088.6561337050032,1325.5717466249687
BufferE(36),632.2078,-287.8193,942.0119,136.8093,90.0,-180.0,925.8782256421595,1197.701400824851
BufferE(37),546.8524,-373.6794,943.0074,137.3785,90.0,-180.0,932.1480897769482,1202.1571503335883
BufferE(38),462.2079,-458.3097,942.9851,137.9282,90.0,-180.0,952.4994873611993,1217.4613483969533
BufferE(39),377.7465,-541.575,942.3687,138.2052,90.0,-180.0,985.9021320212415,1242.884044851761
BufferE(40),294.804,-622.7725,942.2932,137.9213,90.0,-180.0,1031.1684413578703,1278.0755977433275
BufferE(41),630.1622,-293.0014,875.1288,137.9028,90.0,-180.0,863.0278462928653,1151.0223504159828
BufferE(42),546.056,-372.0589,875.1193,137.4115,90.0,-180.0,867.4965298747895,1152.178108656481
BufferE(43),462.1422,-458.7453,875.1023,137.9388,90.0,-180.0,890.1103861896689,1169.6261809585976
BufferE(44),384.5405,-537.0707,875.0955,136.6151,90.0,-180.0,923.7847779970806,1195.1744183911903
BufferE(45),298.3245,-622.1827,875.0886,137.2431,90.0,-180.0,973.5353532747116,1233.155507598876
BufferE(46),628.687,-293.9595,807.7291,138.4747,90.0,-180.0,799.5201057744437,1104.2431350554468
BufferE(47),548.8018,-372.0144,808.1445,137.1398,90.0,-180.0,805.3204404485183,1107.272741994768
BufferE(48),465.389,-454.3852,808.0961,137.0134,90.0,-180.0,827.5106045544477,1122.5923726045762
BufferE(49),383.2385,-536.3312,808.0634,136.9267,90.0,-180.0,864.9021519296292,1149.8119675705536
BufferE(50),299.5363,-623.3798,808.0568,137.5163,90.0,-180.0,918.6682130567441,1191.28459555246
BufferE(51),626.8358,-293.897,741.5576,138.5643,90.0,-180.0,737.4726411566178,1059.724082061559
BufferE(52),548.2419,-372.3778,742.1151,137.1717,90.0,-180.0,744.4194699240996,1063.9551902998444
BufferE(53),465.9879,-453.9951,742.0934,136.8691,90.0,-180.0,768.2240629841618,1079.9335597587444
BufferE(54),382.6074,-538.0523,742.0761,137.0208,90.0,-180.0,809.463479651366,1109.2922803959368
BufferE(55),299.611,-621.8394,742.0702,137.1568,90.0,-180.0,864.8546451412453,1150.031586985268
BufferE(56),629.3263,-293.9409,677.3452,138.3729,90.0,-180.0,679.357551442618,1021.3104316687585
BufferE(57),545.4551,-373.7346,677.3414,137.8858,90.0,-180.0,685.5774446782972,1023.3383740336194
BufferE(58),463.8991,-456.6114,677.3357,137.4967,90.0,-180.0,712.5143736782223,1041.4414456121563
BufferE(59),380.0212,-540.1973,674.8189,137.8318,90.0,-180.0,755.0346743663854,1070.2798790760976
BufferE(60),299.5668,-621.1512,675.116,137.0797,90.0,-180.0,812.6670082753733,1111.2921616506355
BufferE(61),629.9167,-292.44,611.5941,137.9105,90.0,-180.0,619.9641375515503,982.7082862888101
BufferE(62),547.5508,-373.1263,611.5308,137.5538,90.0,-180.0,627.1418085963106,985.9694085757163
BufferE(63),467.8933,-453.428,611.4984,136.4658,90.0,-180.0,654.8813151226897,1003.4650007264328
BufferE(64),380.7775,-540.4887,611.4811,137.7349,90.0,-180.0,704.5642049288818,1035.9002761240638
BufferE(65),299.803,-623.4299,611.4499,137.4258,90.0,-180.0,767.1197184408137,1079.518779199129
BufferE(66),630.787,-290.7291,543.0904,137.5821,90.0,-180.0,559.650884434648,945.7576448799281
BufferE(67),547.5147,-373.8588,543.088,137.4825,90.0,-180.0,568.2336252905626,950.1254538440426
BufferE(68),463.8955,-454.798,543.0847,137.3287,90.0,-180.0,598.9021491281774,967.0757559048587
BufferE(69),383.0384,-537.2139,543.0803,136.8964,90.0,-180.0,650.1047036035977,999.5472744595735
BufferE(70),297.0954,-626.2217,543.077,138.1127,90.0,-180.0,722.0185430579992,1048.198667418594
BufferE(71),631.8354,-289.5526,477.4707,137.4731,90.0,-180.0,504.1122304412577,914.2094527341861
BufferE(72),545.0774,-378.2647,477.427,138.6414,90.0,-180.0,515.3148939211787,920.4942003886804
BufferE(73),467.4146,-454.06,476.7264,136.8365,90.0,-180.0,546.6196229157289,936.9949307360749
BufferE(74),384.4287,-535.2771,476.7264,136.7233,90.0,-180.0,600.9699676371638,968.3612744058831
BufferE(75),299.8313,-620.7177,476.7261,137.2386,90.0,-180.0,674.710387935585,1015.4348174669923
BufferE(76),628.9277,-292.4532,411.7996,138.2428,90.0,-180.0,451.08364125187205,886.3164141740014
BufferE(77),548.8118,-373.2627,411.799,137.4115,90.0,-180.0,461.8526794599719,891.4378083064752
BufferE(78),465.5874,-457.6386,411.7981,137.5194,90.0,-180.0,501.24825045614637,912.2333201271197
BufferE(79),377.8755,-544.59,411.7981,138.826,90.0,-180.0,565.5945551187331,948.0969162358888
BufferE(80),296.806,-625.8184,411.7975,138.3857,90.0,-180.0,641.3850016952654,994.597829423119
BufferE(81),628.9275,-292.7435,346.7874,138.2082,90.0,-180.0,402.5896205335324,863.0476570640453
BufferE(82),547.1197,-376.4514,346.7734,138.062,90.0,-180.0,416.0361429351344,869.485860741643
BufferE(83),465.6743,-456.4687,345.4517,137.3803,90.0,-180.0,456.245582570023,888.1213192091359
BufferE(84),378.7094,-544.1363,345.4353,138.6172,90.0,-180.0,526.4496296656705,925.7009965531213
BufferE(85),297.1305,-627.0898,345.4229,138.5577,90.0,-180.0,608.5542479059477,974.6126245769536
BufferE(86),627.8204,-292.4588,282.4237,138.4081,90.0,-180.0,358.8043242477153,843.1664511040865
BufferE(87),547.373,-374.0332,282.4217,137.6458,90.0,-180.0,372.93131335239156,849.0336272264863
BufferE(88),462.8714,-458.9901,278.3173,138.1587,90.0,-180.0,419.3807759043344,869.895360512632
BufferE(89),378.74,-543.6557,278.3167,138.6323,90.0,-180.0,492.8700537546278,907.1110697599242
BufferE(90),298.7242,-625.4149,278.3122,138.1079,90.0,-180.0,578.2768444322664,956.2381198694665
BufferE(91),627.7429,-293.4556,211.5329,138.5402,90.0,-180.0,320.2883398285576,828.2375024886486
BufferE(92),549.8361,-372.9825,212.1957,137.3069,90.0,-180.0,335.9318058257354,834.4078486364135
BufferE(93),467.6581,-454.2202,210.5962,136.8697,90.0,-180.0,384.6830159268792,854.050118564659
BufferE(94),379.3931,-544.1623,211.873,138.5784,90.0,-180.0,467.6821156056382,894.4371639624072
BufferE(95),296.7953,-627.8144,210.5025,138.7383,90.0,-180.0,558.9106579456198,945.0851965415404
BufferE(96),632.7476,-289.6232,147.1311,137.2685,90.0,-180.0,296.473419744819,820.1907842912624
BufferE(97),545.9348,-377.0977,146.9732,138.4009,90.0,-180.0,313.82730071416603,826.1056269038942
BufferE(98),464.7201,-457.6775,146.9726,137.9388,90.0,-180.0,367.46852304397123,846.912839508899
BufferE(99),379.9828,-542.723,145.4909,138.3431,90.0,-180.0,449.0720863216991,884.7704646565571
BufferE(100),300.9331,-623.9579,145.193,137.4993,90.0,-180.0,540.3459742518357,934.6288423495574
BufferF(1),237.1437,-647.0482,1401.209,92.7874,90.0,-180.0,1458.4548291918732,1633.4335955398947
BufferF(2),120.2143,-647.8282,1401.214,92.70155,90.0,-180.0,1477.885436838477,1623.7989928408786
BufferF(3),3.908178,-648.5984,1401.211,92.42386,90.0,-180.0,1505.9868873423416,1622.5302910549326
BufferF(4),-110.2374,-648.9679,1401.206,91.93526,90.0,-180.0,1541.482747312689,1629.157250871985
BufferF(5),-231.8165,-649.7585,1401.2,92.64018,90.0,-180.0,1587.601143611016,1645.1421876059862
BufferF(6),239.121,-648.8291,1336.834,92.18619,90.0,-180.0,1399.9235363088499,1582.4366370621417
BufferF(7),123.1196,-648.9099,1335.913,91.96705,90.0,-180.0,1418.6979051414419,1571.2346603461508
BufferF(8),6.068307,-649.408,1335.913,91.95261,90.0,-180.0,1447.8281938493874,1569.56716287298
BufferF(9),-112.7122,-650.3746,1335.821,92.34087,90.0,-180.0,1486.346149835793,1576.975928252065
BufferF(10),-231.5076,-648.6945,1333.774,92.55207,90.0,-180.0,1530.55728363444,1590.143560520155
BufferF(11),235.5618,-649.6223,1268.289,93.16703,90.0,-180.0,1338.510485938618,1527.8462269882048
BufferF(12),119.1029,-648.728,1268.178,92.97633,90.0,-180.0,1358.9138472096809,1516.5829990004888
BufferF(13),1.298101,-648.7764,1268.145,93.00037,90.0,-180.0,1389.6576157954596,1514.885027637587
BufferF(14),-116.3272,-649.3402,1268.081,93.01638,90.0,-180.0,1429.5806693454012,1522.5970275152852
BufferF(15),-232.0214,-648.9828,1268.066,92.83081,90.0,-180.0,1476.6584800585156,1538.4330769035403
BufferF(16),239.7406,-648.7476,1202.584,92.3307,90.0,-180.0,1278.5478870586921,1476.6173254091848
BufferF(17),120.5461,-649.2759,1202.583,92.60803,90.0,-180.0,1300.842504554708,1465.4542422086724
BufferF(18),7.169712,-648.1357,1201.899,91.83552,90.0,-180.0,1330.378584502379,1462.22878001745
BufferF(19),-110.5037,-649.4854,1202.229,91.9418,90.0,-180.0,1372.1860264350953,1470.5507026214134
BufferF(20),-230.6126,-649.8893,1202.218,92.54228,90.0,-180.0,1422.9984233504954,1487.7538245760811
BufferF(21),238.3525,-648.742,1136.256,92.67921,90.0,-180.0,1219.8423122282552,1425.887150127085
BufferF(22),121.0627,-648.4315,1136.256,92.62071,90.0,-180.0,1242.498196552287,1414.0070884139932
BufferF(23),6.344452,-649.5589,1136.256,92.11475,90.0,-180.0,1275.3593835019976,1412.6787645782547
BufferF(24),-114.3969,-649.1061,1136.117,92.82735,90.0,-180.0,1319.078241689933,1420.1513088843858
BufferF(25),-226.0888,-650.7938,1135.327,91.61959,90.0,-180.0,1368.1124309643144,1436.9505989737568
BufferF(26),237.1075,-647.7645,1069.489,93.05183,90.0,-180.0,1161.0991448023228,1375.5371077295044
BufferF(27),118.8502,-648.5998,1069.478,93.12624,90.0,-180.0,1185.7637296353796,1364.0308428018475
BufferF(28),7.328265,-648.9265,1069.478,91.95155,90.0,-180.0,1218.9207519201852,1362.2239153145517
BufferF(29),-113.3398,-649.4119,1069.479,92.63934,90.0,-180.0,1264.9913536861332,1370.6153258639522
BufferF(30),-230.1414,-651.4072,1069.428,92.4268,90.0,-180.0,1319.1941168104433,1389.684636970451
BufferF(31),236.7086,-649.5116,1003.126,93.08302,90.0,-180.0,1104.82036338587,1328.9335846998276
BufferF(32),121.6125,-649.2661,1003.089,92.63783,90.0,-180.0,1129.37656118751,1316.4809341315392
BufferF(33),6.093254,-648.7045,1003.089,92.23841,90.0,-180.0,1164.870564135442,1313.8455417792186
BufferF(34),-111.4965,-648.743,1003.109,92.24095,90.0,-180.0,1211.5814046954235,1322.0073104140308
BufferF(35),-228.4141,-650.8126,1003.03,92.07915,90.0,-180.0,1267.9714815130092,1341.6630863442863
BufferF(36),238.3557,-648.787,937.915,92.76359,90.0,-180.0,1049.0453150813914,1283.403169736957
BufferF(37),119.4721,-649.801,936.3949,93.10288,90.0,-180.0,1075.1802530199545,1270.0004430794984
BufferF(38),5.308405,-648.1807,936.3946,92.30632,90.0,-180.0,1111.6026327917812,1266.6599552257637
BufferF(39),-111.3154,-649.502,936.3952,92.2252,90.0,-180.0,1160.6842586072362,1275.9915083677
BufferF(40),-227.2882,-651.183,936.3955,91.89217,90.0,-180.0,1218.7996710558448,1295.9175284852088
BufferF(41),238.5591,-649.3903,871.4264,92.7359,90.0,-180.0,994.3678060549896,1239.5510155002262
BufferF(42),118.7866,-648.5944,870.017,93.27341,90.0,-180.0,1021.3593346668183,1224.388783931515
BufferF(43),5.310122,-648.8371,870.0149,92.42956,90.0,-180.0,1060.3958837069388,1222.3679820529621
BufferF(44),-110.155,-649.3185,870.0119,92.08959,90.0,-180.0,1110.7733522579092,1231.2662610242262
BufferF(45),-227.0623,-649.7561,870.011,91.90273,90.0,-180.0,1171.1862150741551,1251.0798589389158
BufferF(46),235.9691,-650.0891,805.5103,93.26194,90.0,-180.0,942.2595268340096,1197.749794547008
BufferF(47),120.5747,-649.2197,804.5905,92.81905,90.0,-180.0,970.0939841677585,1182.9379398436793
BufferF(48),1.984672,-649.2704,804.5882,93.0962,90.0,-180.0,1012.9018284949773,1180.671354792332
BufferF(49),-111.8973,-650.0303,804.5852,92.32441,90.0,-180.0,1065.2407243477642,1190.218719938097
BufferF(50),-232.7921,-650.8715,804.5852,93.04143,90.0,-180.0,1130.7654238632829,1212.0656064990583
BufferF(51),241.6605,-649.8072,740.1954,92.09952,90.0,-180.0,890.158865241898,1159.1960134748515
BufferF(52),120.7613,-647.8525,739.4193,92.75612,90.0,-180.0,920.1547200651049,1142.1665017161588
BufferF(53),0.297224,-648.7897,738.5153,93.51662,90.0,-180.0,965.834160159154,1140.039977726009
BufferF(54),-109.5782,-649.8734,738.5144,91.84962,90.0,-180.0,1018.8682551246621,1149.8294553057988
BufferF(55),-228.6684,-650.9368,738.5123,92.21358,90.0,-180.0,1085.9667663606156,1171.9506969916013
BufferF(56),235.3629,-651.9012,672.2587,93.53577,90.0,-180.0,842.111147868516,1121.5028499162943
BufferF(57),120.5426,-649.1974,672.2421,93.0241,90.0,-180.0,872.6507336376837,1104.8562976107057
BufferF(58),3.011104,-649.8809,672.2123,92.85219,90.0,-180.0,919.8863562941341,1102.910665818505
BufferF(59),-108.68,-650.6005,672.1981,91.78896,90.0,-180.0,975.8852020525045,1112.6899675454445
BufferF(60),-230.7656,-650.1525,672.0286,92.80238,90.0,-180.0,1046.6112777200844,1134.8326853999174
BufferF(61),244.0788,-651.3343,604.6369,91.83039,90.0,-180.0,791.948527238023,1087.4317800587078
BufferF(62),123.8629,-650.0038,605.4327,92.28129,90.0,-180.0,826.4951009610338,1070.467548216334
BufferF(63),4.847463,-649.8666,605.0146,92.6236,90.0,-180.0,875.7262706495898,1067.238058250978
BufferF(64),-111.8647,-650.6202,605.0128,92.40167,90.0,-180.0,937.0193999382891,1077.8750645360658
BufferF(65),-234.9765,-650.559,605.014,93.52956,90.0,-180.0,1011.8295675646841,1101.7428736211277
BufferF(66),239.7652,-649.5829,539.1978,92.68707,90.0,-180.0,748.2003156792515,1054.048536453651
BufferF(67),118.775,-650.218,538.9711,93.27806,90.0,-180.0,786.3090861971948,1038.2011858192475
BufferF(68),4.174225,-650.5657,538.9691,92.72344,90.0,-180.0,837.0171530239916,1035.9492566300878
BufferF(69),-113.3823,-650.6361,538.9622,92.68314,90.0,-180.0,901.1162157177894,1046.498933942296
BufferF(70),-229.1904,-650.423,538.9601,92.2421,90.0,-180.0,973.9030409675636,1069.2580480504957
BufferF(71),234.6565,-648.2061,472.8373,93.67185,90.0,-180.0,707.7935414609062,1023.5996796044516
BufferF(72),122.8772,-649.4343,472.826,92.43319,90.0,-180.0,745.6541479216189,1009.2585686647935
BufferF(73),5.91995,-650.0568,472.8168,92.40921,90.0,-180.0,799.7566922778602,1006.7958789251703
BufferF(74),-110.7086,-649.8349,472.3571,92.07562,90.0,-180.0,865.4114457803395,1016.8639923755082
BufferF(75),-230.8198,-650.8952,472.3544,92.60357,90.0,-180.0,944.3307007258281,1042.2023060249512
BufferF(76),241.4253,-649.1426,406.6982,92.39969,90.0,-180.0,670.3109471875567,1001.2179211020325
BufferF(77),119.2234,-649.3631,406.6884,93.28883,90.0,-180.0,712.6537343705172,983.9348383217072
BufferF(78),3.365384,-649.324,405.7181,92.99799,90.0,-180.0,768.1399661108003,980.8498044999633
BufferF(79),-109.3455,-648.4706,405.7098,91.81434,90.0,-180.0,833.961334596078,990.4924737555333
BufferF(80),-228.9664,-652.0487,405.898,92.38931,90.0,-180.0,916.6444072813817,1018.5382396051923
BufferF(81),236.5465,-649.2716,339.3066,93.37315,90.0,-180.0,639.5582665460339,979.3012301929433
BufferF(82),121.4745,-649.0974,339.7657,92.79298,90.0,-180.0,681.4142891432124,962.5921461350875
BufferF(83),4.664364,-649.7346,339.4799,92.63047,90.0,-180.0,740.2740838397509,960.111106867867
BufferF(84),-115.6217,-650.9062,339.471,93.24625,90.0,-180.0,814.5058889706664,972.8962703677365
BufferF(85),-229.5997,-650.9504,339.4585,92.46059,90.0,-180.0,893.4844820984445,997.338011472982
BufferF(86),239.2322,-647.8674,272.1612,92.85116,90.0,-180.0,611.1794299549597,961.7825296116279
BufferF(87),118.7931,-649.3263,272.653,93.39825,90.0,-180.0,658.132776087444,945.5251808993318
BufferF(88),4.252086,-648.5234,272.3327,92.7908,90.0,-180.0,716.945345274294,941.8560983461462
BufferF(89),-109.1887,-650.5897,272.3277,91.96922,90.0,-180.0,789.4456226656652,954.7171880119139
BufferF(90),-231.8319,-651.5786,272.3214,93.07234,90.0,-180.0,876.8665219995708,982.1020010839466
BufferF(91),238.4604,-647.9869,205.7062,93.09794,90.0,-180.0,591.7556649576406,949.5516811057837
BufferF(92),121.3025,-647.6149,206.0618,92.92325,90.0,-180.0,637.0986368278476,931.6091598921654
BufferF(93),7.025033,-648.3928,205.7541,92.37016,90.0,-180.0,698.3863945363307,929.1539918908778
BufferF(94),-112.485,-649.1833,205.6845,92.64722,90.0,-180.0,775.4546225194777,941.5520019827742
BufferF(95),-227.9237,-649.9988,205.5034,92.2221,90.0,-180.0,859.181960579075,967.5275897353935
BufferF(96),235.3626,-647.2565,138.5614,93.82291,90.0,-180.0,579.1874159346727,940.4894519644397
BufferF(97),125.687,-649.7693,140.1588,92.02771,90.0,-180.0,625.1017615279064,926.3803176295338
BufferF(98),8.337236,-650.1818,139.7942,92.12716,90.0,-180.0,688.2934982322693,923.1185264171819
BufferF(99),-105.2626,-651.2529,139.7547,91.29022,90.0,-180.0,762.3078024699273,934.7878205554296
BufferF(100),-226.8101,-650.2899,139.694,91.93707,90.0,-180.0,849.8591485424897,960.0643019001311
ConveyorA,413.0825,-362.5743,57.00119,-89.29054,90.0,180.0,259.08109644733344,734.6924091498162
ConveyorB,418.9652,-103.5781,60.06334,-87.88004,90.0,180.0,0.0,532.8728561965756
ConveyorC,38.31378,269.3087,63.72554,1.245386,90.0,180.0,532.8728561965756,0.0
ConveyorD,236.794,84.0555,57.83289,91.21694,90.0,-180.0,261.52951815350116,271.5655890673759
